#CHROM,POS,ID,REF,ALT,A1,FIRTH?,TEST,OBS_CT,OR,LOG(OR)_SE,Z_STAT,P,ERRCODE
1,13273,1:13273:G:C,G,C,C,N,ADD,503,0.750168,0.280794,-1.02373,0.305961,.
1,14599,1:14599:T:A,T,A,A,N,ADD,503,1.80972,0.231595,2.56124,0.0104299,.
1,14604,1:14604:A:G,A,G,G,N,ADD,503,1.80972,0.231595,2.56124,0.0104299,.
1,14930,1:14930:A:G,A,G,G,N,ADD,503,1.70139,0.240245,2.21209,0.0269602,.
1,69897,1:69897:T:C,T,C,T,N,ADD,503,1.58002,0.194774,2.34855,0.0188466,.
1,86331,1:86331:A:G,A,G,G,N,ADD,503,1.47006,0.236102,1.63193,0.102694,.
1,91581,1:91581:G:A,G,A,A,N,ADD,503,0.924422,0.122991,-0.638963,0.522847,.
1,122872,1:122872:T:G,T,G,G,N,ADD,503,1.07113,0.180776,0.380121,0.703856,.
1,135163,1:135163:C:T,C,T,T,N,ADD,503,0.711822,0.23908,-1.42182,0.155079,.
